doi,property
10.1002/(sici)1099-0488(19961115)34:15<2635::aid-polb11>3.0.co;2-7,Tg
10.1002/(sici)1099-0488(19970730)35:10<1589::aid-polb10>3.0.co;2-6,Tg
10.1002/1097-4628(20000808)77:6<1207::aid-app5>3.0.co;2-n,Tg
10.1002/adfm.202400030,Tg
10.1002/adfm.202510529,Tg
10.1002/adhm.202100015,Tg
10.1002/adma.202417150,Tg
10.1002/advs.202309393,Tg
10.1002/app.11206,Tg
10.1002/app.13430,Tg
10.1002/app.24922,Tg
10.1002/app.25107,Tg
10.1002/app.34170,Tg
10.1002/app.36940,Tg
10.1002/app.47351,Tg
10.1002/app.55980,Tg
10.1002/cssc.202300791,Tg
10.1002/macp.200290030,Tg
10.1002/macp.201100558,Tg
10.1002/macp.201600305,Tg
10.1002/marc.201800298,Tg
10.1002/marc.201800903,Tg
10.1002/marc.202000240,Tg
10.1002/marc.202401043,Tg
10.1002/masy.19971180187,Tg
10.1002/masy.200851321,Tg
10.1002/pat.2025,Tg
10.1002/pat.2046,Tg
10.1002/pat.4926,Tg
10.1002/pen.10105,Tg
10.1002/pen.23066,Tg
10.1002/pen.26829,Tg
10.1002/pola.23154,Tg
10.1002/pola.24367,Tg
10.1002/polb.1991.090291207,Tg
10.1002/polb.20077,Tg
10.1002/polb.21116,Tg
10.1002/polb.21946,Tg
10.1002/polb.23014,Tg
10.1002/polb.23344,Tg
10.1002/rcm.2657,Tg
10.1007/bf00349880,Tg
10.1007/s00289-021-03844-1,Tg
10.1007/s002890170081,Tg
10.1007/s00339-008-4707-8,Tg
10.1007/s00396-003-1038-3,Tg
10.1007/s00396-017-4048-2,Tg
10.1007/s00542-007-0486-y,Tg
10.1007/s10118-024-3241-2,Tg
10.1007/s10692-010-9238-3,Tg
10.1007/s10853-006-0694-3,Tg
10.1007/s10853-021-06501-0,Tg
10.1007/s10973-017-6408-z,Tg
10.1007/s11224-010-9639-1,Tg
10.1007/s12045-024-1401-x,Tg
10.1016/0032-3861(95)93765-e,Tg
10.1016/j.carbpol.2019.115288,Tg
10.1016/j.cemconcomp.2024.105573,Tg
10.1016/j.commatsci.2013.01.009,Tg
10.1016/j.compositesb.2019.02.020,Tg
10.1016/j.cplett.2003.08.080,Tg
10.1016/j.cplett.2008.06.030,Tg
10.1016/j.dib.2019.104303,Tg
10.1016/j.dyepig.2021.109222,Tg
10.1016/j.ejps.2026.107450,Tg
10.1016/j.eurpolymj.2017.09.039,Tg
10.1016/j.ijhydene.2012.05.121,Tg
10.1016/j.jfoodeng.2026.113035,Tg
10.1016/j.jmbbm.2017.04.007,Tg
10.1016/j.matchemphys.2012.04.033,Tg
10.1016/j.matlet.2008.02.040,Tg
10.1016/j.matlet.2008.03.021,Tg
10.1016/j.microrel.2023.115233,Tg
10.1016/j.molstruc.2025.142949,Tg
10.1016/j.mtchem.2024.102053,Tg
10.1016/j.optmat.2004.03.004,Tg
10.1016/j.polymdegradstab.2017.11.021,Tg
10.1016/j.polymdegradstab.2023.110439,Tg
10.1016/j.polymer.2004.01.070,Tg
10.1016/j.polymer.2005.05.076,Tg
10.1016/j.polymer.2009.11.032,Tg
10.1016/j.polymer.2012.01.045,Tg
10.1016/j.polymer.2014.01.031,Tg
10.1016/j.polymer.2014.03.004,Tg
10.1016/j.polymer.2015.10.059,Tg
10.1016/j.polymer.2016.08.054,Tg
10.1016/j.polymer.2017.06.054,Tg
10.1016/j.polymer.2018.04.061,Tg
10.1016/j.polymer.2023.125886,Tg
10.1016/j.polymer.2023.126308,Tg
10.1016/j.polymer.2024.127344,Tg
10.1016/j.polymertesting.2013.05.007,Tg
10.1016/j.polymertesting.2017.12.017,Tg
10.1016/j.polymertesting.2019.105994,Tg
10.1016/j.rinp.2017.02.017,Tg
10.1016/j.saa.2013.02.012,Tg
10.1016/j.tca.2015.06.030,Tg
10.1016/j.vibspec.2003.11.020,Tg
10.1016/j.xphs.2022.07.020,Tg
10.1016/s0014-3057(99)00199-8,Tg
10.1016/s0022-3093(01)00499-9,Tg
10.1016/s0022-3093(98)00422-0,Tg
10.1016/s0032-3861(00)00445-6,Tg
10.1016/s0032-3861(01)00638-3,Tg
10.1016/s0032-3861(02)00662-6,Tg
10.1016/s0032-3861(96)00657-x,Tg
10.1016/s0032-3861(96)01047-6,Tg
10.1016/s0040-6090(01)01190-7,Tg
10.1016/s0142-9418(01)00081-2,Tg
10.1016/s0167-577x(01)00626-7,Tg
10.1016/s0167-9317(99)00114-8,Tg
10.1016/s0375-9601(01)00150-5,Tg
10.1016/s0925-4005(02)00108-9,Tg
10.1016/s0969-806x(03)00223-8,Tg
10.1016/s0969-806x(03)00225-1,Tg
10.1021/acs.jpca.3c00425,Tg
10.1021/acs.jpcb.1c06397,Tg
10.1021/acs.jpcb.7b09423,Tg
10.1021/acs.langmuir.2c03300,Tg
10.1021/acs.langmuir.8b00122,Tg
10.1021/acs.macromol.1c00691,Tg
10.1021/acs.macromol.2c01917,Tg
10.1021/acs.macromol.3c00348,Tg
10.1021/acsami.9b17271,Tg
10.1021/acsmacrolett.7b00129,Tg
10.1021/acsmacrolett.7b00381,Tg
10.1021/acsmacrolett.7b00485,Tg
10.1021/acsmacrolett.8b00019,Tg
10.1021/acsmacrolett.9b00568,Tg
10.1021/jacs.1c07504,Tg
10.1021/ma048376a,Tg
10.1021/ma1005606,Tg
10.1021/mz200253x,Tg
10.1021/mz400470n,Tg
10.1021/mz500684v,Tg
10.1021/nl025554+,Tg
10.1021/nl062311z,Tg
10.1023/a:1021521207247,Tg
10.1038/pj.2010.136,Tg
10.1038/s41428-020-00443-1,Tg
10.1038/s41428-024-00986-7,Tg
10.1038/s41428-025-01090-0,Tg
10.1038/s41467-020-14656-8,Tg
10.1039/b909076b,Tg
10.1039/b927182a,Tg
10.1039/c5ra01855b,Tg
10.1039/c6nr04459j,Tg
10.1039/d1cp01445e,Tg
10.1039/d2sm01229d,Tg
10.1039/d3sm01523h,Tg
10.1039/d3ta02479b,Tg
10.1039/d4ma01221f,Tg
10.1039/d5mh00704f,Tg
10.1039/d5sm00165j,Tg
10.1039/d5tc01657f,Tg
10.1051/epjconf/201713900007,Tg
10.1063/1.1428788,Tg
10.1063/1.2752548,Tg
10.1063/1.2830707,Tg
10.1063/1.359326,Tg
10.1063/1.3605993,Tg
10.1063/1.478611,Tg
10.1063/1.4810397,Tg
10.1063/1.5034537,Tg
10.1063/1.5045955,Tg
10.1063/5.0183507,Tg
10.1063/5.0295491,Tg
10.1080/00387010802286700,Tg
10.1080/1539445x.2024.2358003,Tg
10.1080/15421406.2011.566074,Tg
10.1081/mb-200033257,Tg
10.1081/mb-200057469,Tg
10.1088/1361-6439/ab931c,Tg
10.1088/1742-6596/272/1/012020,Tg
10.1088/1757-899x/110/1/012018,Tg
10.1103/physreve.56.5705,Tg
10.1103/physrevlett.102.075702,Tg
10.1103/physrevlett.79.103,Tg
10.1116/1.4971415,Tg
10.1117/12.328152,Tg
10.1117/12.474167,Tg
10.1117/12.812204,Tg
10.1126/science.1244845,Tg
10.1140/epje/i2012-12129-3,Tg
10.1140/epje/i2017-11500-2,Tg
10.1142/s0219633616500115,Tg
10.1155/2018/3890637,Tg
10.1177/0021955x221144543,Tg
10.1177/0954406220970600,Tg
10.1208/pt0802037,Tg
10.1208/s12249-012-9827-y,Tg
10.1364/ao.543526,Tg
10.1364/oe.21.004758,Tg
10.1371/journal.pone.0151454,Tg
10.1560/ijc.47.3-4.303,Tg
10.1590/0104-1428.00916,Tg
10.2478/adms-2021-0014,Tg
10.2494/photopolymer.17.403,Tg
10.2494/photopolymer.18.289,Tg
10.31635/ccschem.025.202405252,Tg
10.3390/cryst13030368,Tg
10.3390/gels7020045,Tg
10.3390/ijms11041870,Tg
10.3390/ma13214822,Tg
10.3390/polym11050877,Tg
10.3390/polym11071153,Tg
10.3390/polym13071128,Tg
10.3390/polym15020252,Tg
10.3390/polym16060857,Tg
10.1002/(sici)1097-0126(199908)48:8<681::aid-pi199>3.0.co;2-p,Tm
10.1002/(sici)1097-4628(19970627)64:13<2529::aid-app6>3.0.co;2-f,Tm
10.1002/(sici)1099-0488(19960130)34:2<211::aid-polb1>3.0.co;2-w,Tm
10.1002/(sici)1099-0488(199806)36:8<1419::aid-polb15>3.0.co;2-a,Tm
10.1002/(sici)1099-0488(199810)36:14<2563::aid-polb9>3.0.co;2-t,Tm
10.1002/(sici)1099-0488(19990901)37:17<2420::aid-polb13>3.0.co;2-8,Tm
10.1002/1097-0126(200011)49:11<1473::aid-pi533>3.0.co;2-9,Tm
10.1002/1521-3900(200010)159:1<19::aid-masy19>3.0.co;2-7,Tm
10.1002/1521-3927(20010301)22:6<386::aid-marc386>3.0.co;2-s,Tm
10.1002/anie.201004445,Tm
10.1002/anie.202311158,Tm
10.1002/app.10206,Tm
10.1002/app.11066,Tm
10.1002/app.1188,Tm
10.1002/app.12289,Tm
10.1002/app.13431,Tm
10.1002/app.20064,Tm
10.1002/app.20906,Tm
10.1002/app.21253,Tm
10.1002/app.23046,Tm
10.1002/app.23549,Tm
10.1002/app.25702,Tm
10.1002/app.29792,Tm
10.1002/app.32120,Tm
10.1002/app.35331,Tm
10.1002/app.37703,Tm
10.1002/app.38569,Tm
10.1002/app.40487,Tm
10.1002/app.47413,Tm
10.1002/app.50936,Tm
10.1002/app.56241,Tm
10.1002/cjce.5450800312,Tm
10.1002/macp.200700605,Tm
10.1002/macp.201800227,Tm
10.1002/macp.202200447,Tm
10.1002/mame.201800355,Tm
10.1002/mame.202000770,Tm
10.1002/marc.201200594,Tm
10.1002/marc.201400729,Tm
10.1002/masy.19981290113,Tm
10.1002/masy.200451024,Tm
10.1002/masy.200550416,Tm
10.1002/masy.200950529,Tm
10.1002/masy.202100504,Tm
10.1002/pat.271,Tm
10.1002/pat.522,Tm
10.1002/pat.5800,Tm
10.1002/pc.28606,Tm
10.1002/pc.29583,Tm
10.1002/pen.10039,Tm
10.1002/pen.24808,Tm
10.1002/pi.1904,Tm
10.1002/pi.2655,Tm
10.1002/pi.2942,Tm
10.1002/pola.1993.080311333,Tm
10.1002/pola.1995.080330201,Tm
10.1002/pola.21330,Tm
10.1002/polb.10573,Tm
10.1002/polb.10782,Tm
10.1002/polb.20664,Tm
10.1002/polb.24262,Tm
10.1007/bf00284065,Tm
10.1007/s00289-015-1508-z,Tm
10.1007/s00289-018-2292-3,Tm
10.1007/s00289-019-02893-x,Tm
10.1007/s002890050097,Tm
10.1007/s002890170081,Tm
10.1007/s00396-008-1858-2,Tm
10.1007/s00706-007-0615-4,Tm
10.1007/s10118-015-1680-5,Tm
10.1007/s10118-016-1802-8,Tm
10.1007/s10853-010-4255-4,Tm
10.1007/s10853-011-5251-z,Tm
10.1007/s10924-020-01662-6,Tm
10.1007/s10924-026-03796-5,Tm
10.1007/s10965-010-9394-4,Tm
10.1007/s10965-011-9645-z,Tm
10.1007/s10965-017-1361-x,Tm
10.1007/s10973-005-7475-0,Tm
10.1007/s10973-015-4991-4,Tm
10.1007/s10973-017-6089-7,Tm
10.1007/s10973-017-6312-6,Tm
10.1007/s10973-018-7292-x,Tm
10.1007/s11581-012-0797-6,Tm
10.1007/s12221-018-7455-1,Tm
10.1007/s13233-014-2154-2,Tm
10.1007/s13233-018-6049-4,Tm
10.1007/s13399-024-05476-7,Tm
10.1007/s13762-016-0992-5,Tm
10.1016/0032-3861(96)00396-5,Tm
10.1016/0032-3861(96)81609-0,Tm
10.1016/j.carbpol.2017.10.071,Tm
10.1016/j.commatsci.2025.113690,Tm
10.1016/j.compositesa.2023.107513,Tm
10.1016/j.compositesb.2014.02.009,Tm
10.1016/j.compscitech.2018.01.031,Tm
10.1016/j.compstruct.2004.03.004,Tm
10.1016/j.eurpolymj.2016.04.009,Tm
10.1016/j.eurpolymj.2019.02.040,Tm
10.1016/j.eurpolymj.2023.112711,Tm
10.1016/j.jallcom.2013.04.054,Tm
10.1016/j.jiec.2016.03.001,Tm
10.1016/j.jmrt.2018.07.005,Tm
10.1016/j.jnoncrysol.2011.06.036,Tm
10.1016/j.matlet.2004.06.057,Tm
10.1016/j.matlet.2012.08.129,Tm
10.1016/j.msec.2011.10.001,Tm
10.1016/j.physb.2014.11.005,Tm
10.1016/j.polymdegradstab.2023.110581,Tm
10.1016/j.polymer.2006.03.090,Tm
10.1016/j.polymer.2008.10.021,Tm
10.1016/j.polymer.2009.11.061,Tm
10.1016/j.polymer.2011.06.053,Tm
10.1016/j.polymer.2013.06.039,Tm
10.1016/j.polymer.2021.123875,Tm
10.1016/j.polymer.2022.125142,Tm
10.1016/j.polymer.2022.125587,Tm
10.1016/j.polymer.2025.129199,Tm
10.1016/j.polymer.2025.129287,Tm
10.1016/j.polymertesting.2005.02.002,Tm
10.1016/j.polymertesting.2007.04.003,Tm
10.1016/j.polymertesting.2013.05.007,Tm
10.1016/j.radphyschem.2024.112392,Tm
10.1016/j.ssi.2013.09.048,Tm
10.1016/j.tsep.2023.102066,Tm
10.1016/s0013-4686(00)00747-7,Tm
10.1016/s0022-2860(00)00961-3,Tm
10.1016/s0032-3861(00)00928-9,Tm
10.1016/s0032-3861(96)00416-8,Tm
10.1016/s0032-3861(97)00556-9,Tm
10.1016/s0032-3861(97)00574-0,Tm
10.1016/s0032-3861(98)00592-8,Tm
10.1016/s0032-3861(99)00698-9,Tm
10.1016/s0167-2738(99)00148-4,Tm
10.1016/s0921-4526(97)00948-4,Tm
10.1016/s0921-4526(99)01501-x,Tm
10.1016/s1350-4487(01)00038-5,Tm
10.1016/s1350-4487(03)00212-9,Tm
10.1021/acs.langmuir.0c03111,Tm
10.1021/acs.macromol.5b00372,Tm
10.1021/acs.macromol.5c00937,Tm
10.1021/acs.macromol.6b01173,Tm
10.1021/acs.macromol.7b02345,Tm
10.1021/acsapm.4c01314,Tm
10.1021/acsmacrolett.1c00745,Tm
10.1021/acsmacrolett.6b00326,Tm
10.1021/ma047599y,Tm
10.1021/ma970903l,Tm
10.1021/mz300140x,Tm
10.1023/a:1006716904438,Tm
10.1023/a:1010188110516,Tm
10.1023/a:1011261631240,Tm
10.1023/a:1017983907260,Tm
10.1038/pj.2011.4,Tm
10.1038/pj.2012.136,Tm
10.1038/s41428-019-0253-9,Tm
10.1038/s41428-021-00557-0,Tm
10.1038/s41428-023-00777-6,Tm
10.1038/s41428-024-00946-1,Tm
10.1039/c1jm12496j,Tm
10.1039/c1py00463h,Tm
10.1039/c5py01367d,Tm
10.1039/c5py01755f,Tm
10.1039/d2sc03223f,Tm
10.1039/d3py00883e,Tm
10.1039/d4ra08683j,Tm
10.1039/d5sm00019j,Tm
10.1063/1.2964553,Tm
10.1063/1.4806764,Tm
10.1063/1.4810397,Tm
10.1063/1.4918460,Tm
10.1063/1.5047170,Tm
10.1073/pnas.1408492111,Tm
10.1080/00222349708220427,Tm
10.1080/00268976.2014.931605,Tm
10.1080/01411590903259472,Tm
10.1080/03602559.2012.699576,Tm
10.1080/03602559.2014.961082,Tm
10.1080/1023666x.2015.1020259,Tm
10.1080/10420150.2018.1490286,Tm
10.1080/10601325.2012.649199,Tm
10.1081/amp-100107385,Tm
10.1081/mb-120021603,Tm
10.1081/mb-200064792,Tm
10.1088/0256-307x/25/4/061,Tm
10.1088/0953-8984/21/50/505101,Tm
10.1088/0957-4484/21/22/225701,Tm
10.1088/0957-4484/21/3/035705,Tm
10.1088/1361-6463/aa9f69,Tm
10.1088/1757-899x/78/1/012023,Tm
10.1093/chemle/upae038,Tm
10.1103/physrevlett.88.145501,Tm
10.1103/physrevlett.90.215501,Tm
10.1103/physrevlett.96.028303,Tm
10.1109/tdei.2012.6259984,Tm
10.1117/12.779391,Tm
10.1126/sciadv.adg8865,Tm
10.1134/s0018143925601290,Tm
10.1134/s0965545x06100166,Tm
10.1134/s0965545x15060097,Tm
10.1134/s1990793118020227,Tm
10.1155/2018/5381582,Tm
10.1155/2018/8590567,Tm
10.1177/0892705718820393,Tm
10.1177/08927057211051411,Tm
10.1177/095400830201400307,Tm
10.1179/174327807x238936,Tm
10.1209/0295-5075/93/46001,Tm
10.1515/epoly-2023-0194,Tm
10.15251/jobm.2022.142.63,Tm
10.1590/s1516-89132011000400019,Tm
10.30657/pea.2025.31.31,Tm
10.3390/app10144954,Tm
10.3390/catal7100284,Tm
10.3390/ma12030528,Tm
10.3390/ma17010152,Tm
10.3390/nano12213825,Tm
10.3390/polym11020382,Tm
10.3390/polym14081622,Tm
10.3390/polym16060836,Tm
10.3390/polym16121710,Tm
10.1002/(sici)1097-4628(19960822)61:8<1359::aid-app17>3.0.co;2-u,E
10.1002/(sici)1097-4628(19970906)65:10<2025::aid-app20>3.0.co;2-3,E
10.1002/(sici)1097-4628(19970906)65:10<2051::aid-app22>3.0.co;2-7,E
10.1002/(sici)1097-4628(19991121)74:8<1905::aid-app4>3.0.co;2-q,E
10.1002/(sici)1099-0488(19990315)37:6<523::aid-polb4>3.0.co;2-2,E
10.1002/(sici)1099-0488(19991201)37:23<3359::aid-polb11>3.0.co;2-s,E
10.1002/1097-0126(200011)49:11<1389::aid-pi503>3.0.co;2-4,E
10.1002/1616-3028(20020618)12:6/7<437::aid-adfm437>3.0.co;2-i,E
10.1002/adem.202501661,E
10.1002/adma.201200877,E
10.1002/adma.201304116,E
10.1002/adma.201401804,E
10.1002/admt.201901080,E
10.1002/app.28818,E
10.1002/app.30861,E
10.1002/app.34139,E
10.1002/app.38284,E
10.1002/app.39428,E
10.1002/app.41817,E
10.1002/app.48756,E
10.1002/app.52839,E
10.1002/app.55539,E
10.1002/jbm.b.33905,E
10.1002/mame.200300344,E
10.1002/mame.202000567,E
10.1002/marc.200400667,E
10.1002/masy.201800009,E
10.1002/pat.4316,E
10.1002/pc.10239,E
10.1002/pc.23768,E
10.1002/pc.24557,E
10.1002/pc.24640,E
10.1002/pc.25200,E
10.1002/pc.27273,E
10.1002/pc.27532,E
10.1002/pc.27670,E
10.1002/pc.28251,E
10.1002/pen.25889,E
10.1002/pol.20220326,E
10.1002/pol.20230891,E
10.1002/polb.10107,E
10.1002/polb.10494,E
10.1002/polb.10542,E
10.1002/polb.21573,E
10.1002/ppap.201600215,E
10.1002/pssb.200304599,E
10.1002/qua.10121,E
10.1002/qua.10481,E
10.1002/slct.201802986,E
10.1007/s00161-024-01344-x,E
10.1007/s00170-020-06463-8,E
10.1007/s00226-010-0390-y,E
10.1007/s00289-017-2115-y,E
10.1007/s00289-017-2162-4,E
10.1007/s00289-020-03174-8,E
10.1007/s002890050300,E
10.1007/s002890050510,E
10.1007/s002890170107,E
10.1007/s004190050197,E
10.1007/s00894-018-3636-5,E
10.1007/s10118-015-1599-x,E
10.1007/s10338-019-00119-1,E
10.1007/s10409-024-23442-x,E
10.1007/s10443-016-9559-3,E
10.1007/s10692-007-0061-4,E
10.1007/s10853-009-4079-2,E
10.1007/s10853-018-2788-0,E
10.1007/s10853-019-03901-1,E
10.1007/s10853-022-07702-x,E
10.1007/s10854-021-06948-6,E
10.1007/s10924-011-0376-3,E
10.1007/s10965-016-0964-y,E
10.1007/s10965-024-03873-0,E
10.1007/s11029-018-9763-3,E
10.1007/s11665-018-3201-5,E
10.1007/s11665-021-06386-9,E
10.1007/s12633-019-00335-x,E
10.1007/s12633-021-01229-7,E
10.1007/s12633-023-02385-8,E
10.1007/s12633-023-02389-4,E
10.1007/s13726-015-0351-2,E
10.1007/s40042-021-00228-6,E
10.1007/s40843-025-3725-1,E
10.1007/s40964-022-00315-5,E
10.1007/s40964-024-00891-8,E
10.1007/s40964-025-01092-7,E
10.1007/s42823-019-00104-1,E
10.1016/0032-3861(96)82926-0,E
10.1016/0167-577x(96)00007-9,E
10.1016/j.carbon.2005.08.011,E
10.1016/j.carbon.2011.07.028,E
10.1016/j.carbon.2013.07.035,E
10.1016/j.carbon.2016.10.039,E
10.1016/j.carbon.2023.03.061,E
10.1016/j.cej.2015.09.031,E
10.1016/j.cej.2016.07.025,E
10.1016/j.cej.2019.02.177,E
10.1016/j.coco.2025.102286,E
10.1016/j.colsurfa.2019.124347,E
10.1016/j.commatsci.2015.10.041,E
10.1016/j.compositesa.2003.09.002,E
10.1016/j.compositesa.2006.03.007,E
10.1016/j.compositesa.2011.11.005,E
10.1016/j.compositesa.2014.02.016,E
10.1016/j.compositesa.2014.03.011,E
10.1016/j.compositesa.2014.05.009,E
10.1016/j.compositesa.2016.08.025,E
10.1016/j.compositesa.2017.09.007,E
10.1016/j.compositesa.2020.105779,E
10.1016/j.compositesa.2024.108509,E
10.1016/j.compositesb.2006.01.002,E
10.1016/j.compositesb.2011.04.025,E
10.1016/j.compositesb.2011.12.008,E
10.1016/j.compositesb.2012.01.010,E
10.1016/j.compositesb.2014.04.009,E
10.1016/j.compositesb.2016.04.056,E
10.1016/j.compositesb.2016.09.006,E
10.1016/j.compositesb.2018.11.089,E
10.1016/j.compscitech.2005.04.002,E
10.1016/j.compscitech.2008.02.024,E
10.1016/j.compscitech.2014.06.019,E
10.1016/j.compscitech.2017.11.007,E
10.1016/j.compscitech.2019.02.016,E
10.1016/j.compstruct.2017.09.069,E
10.1016/j.compstruct.2019.111514,E
10.1016/j.conbuildmat.2007.03.017,E
10.1016/j.conbuildmat.2017.12.200,E
10.1016/j.conbuildmat.2018.11.202,E
10.1016/j.eurpolymj.2016.09.036,E
10.1016/j.ijadhadh.2013.01.015,E
10.1016/j.ijbiomac.2025.141421,E
10.1016/j.ijbiomac.2025.148252,E
10.1016/j.ijmecsci.2025.110698,E
10.1016/j.jallcom.2016.04.147,E
10.1016/j.jcomc.2023.100427,E
10.1016/j.jeurceramsoc.2011.02.021,E
10.1016/j.jmbbm.2009.02.003,E
10.1016/j.jmbbm.2015.07.010,E
10.1016/j.jmgm.2021.108086,E
10.1016/j.jmgm.2022.108311,E
10.1016/j.jmmm.2016.11.048,E
10.1016/j.jmrt.2019.12.013,E
10.1016/j.matchemphys.2022.126324,E
10.1016/j.matdes.2010.04.018,E
10.1016/j.matdes.2011.03.038,E
10.1016/j.matdes.2012.02.039,E
10.1016/j.matdes.2012.12.035,E
10.1016/j.matdes.2013.04.025,E
10.1016/j.matdes.2016.05.004,E
10.1016/j.matlet.2008.07.056,E
10.1016/j.matlet.2014.01.160,E
10.1016/j.matpr.2017.06.113,E
10.1016/j.matpr.2020.06.498,E
10.1016/j.mejo.2004.10.003,E
10.1016/j.mseb.2023.117014,E
10.1016/j.msec.2005.11.002,E
10.1016/j.mtcomm.2018.11.013,E
10.1016/j.optlastec.2017.04.002,E
10.1016/j.physleta.2015.11.026,E
10.1016/j.polymer.2005.05.015,E
10.1016/j.polymer.2005.10.001,E
10.1016/j.polymer.2006.03.114,E
10.1016/j.polymer.2006.10.014,E
10.1016/j.polymer.2011.09.001,E
10.1016/j.polymer.2011.10.049,E
10.1016/j.polymer.2012.06.039,E
10.1016/j.polymer.2012.10.037,E
10.1016/j.polymer.2015.05.046,E
10.1016/j.polymer.2017.04.007,E
10.1016/j.polymer.2020.122274,E
10.1016/j.polymer.2023.126629,E
10.1016/j.polymertesting.2009.11.010,E
10.1016/j.polymertesting.2015.09.001,E
10.1016/j.polymertesting.2025.108965,E
10.1016/j.porgcoat.2018.02.020,E
10.1016/j.porgcoat.2025.109117,E
10.1016/j.powtec.2024.120286,E
10.1016/j.proeng.2015.05.118,E
10.1016/j.proeng.2017.07.027,E
10.1016/j.promfg.2020.04.116,E
10.1016/j.scriptamat.2009.04.003,E
10.1016/j.ssi.2007.01.006,E
10.1016/j.surfcoat.2005.02.011,E
10.1016/j.surfcoat.2012.03.077,E
10.1016/j.tsf.2004.03.024,E
10.1016/j.tsf.2007.01.058,E
10.1016/s0165-022x(96)00027-9,E
10.1016/s0167-577x(02)00700-0,E
10.1016/s0379-6779(98)01220-x,E
10.1016/s0939-6411(97)00151-3,E
10.1016/s0955-2219(98)00262-3,E
10.1016/s1359-835x(02)00184-7,E
10.1016/s1672-6529(08)60117-1,E
10.1021/acs.biomac.5b00014,E
10.1021/acs.macromol.0c01975,E
10.1021/acs.macromol.8b00602,E
10.1021/acsami.2c12335,E
10.1021/acsami.3c07436,E
10.1021/acsami.9b04696,E
10.1021/acsapm.1c01332,E
10.1021/acsapm.3c00939,E
10.1021/acsmacrolett.7b00729,E
10.1021/am200621j,E
10.1021/cm001167u,E
10.1021/ie3032422,E
10.1021/jp507952b,E
10.1021/la9713006,E
10.1021/ma0350213,E
10.1021/ma061896g,E
10.1021/ma3010982,E
10.1021/ma501441c,E
10.1021/mz300019m,E
10.1021/nn9000512,E
10.1023/a:1004489104344,E
10.1023/a:1004664225015,E
10.1038/s41428-024-01006-4,E
10.1038/s41598-019-56777-1,E
10.1039/c1jm11766a,E
10.1039/c1jm14300j,E
10.1039/c2jm30830d,E
10.1039/c2ta00546h,E
10.1039/c3py00975k,E
10.1039/c6ra16418h,E
10.1039/c7ra08886h,E
10.1039/d3su00302g,E
10.1039/d4ta06919f,E
10.1039/d5sm00175g,E
10.1051/matecconf/201712103015,E
10.1063/1.1514183,E
10.1063/1.1627995,E
10.1063/1.1644104,E
10.1063/1.2927574,E
10.1063/1.359819,E
10.1063/1.4751286,E
10.1063/1.4876849,E
10.1063/1.5085594,E
10.1063/5.0028835,E
10.1080/00222348.2019.1689651,E
10.1080/00295450.2025.2483055,E
10.1080/00319100208086652,E
10.1080/00405000802377433,E
10.1080/01694243.2020.1763540,E
10.1080/03602559.2017.1315644,E
10.1080/09349847.2016.1250975,E
10.1080/10601325.2018.1470468,E
10.1080/15376494.2022.2055242,E
10.1080/15376494.2022.2114038,E
10.1080/15376494.2022.2155332,E
10.1080/15421406.2022.2067663,E
10.1080/15440478.2024.2375526,E
10.1080/2374068x.2022.2054583,E
10.1080/25740881.2019.1669649,E
10.1080/25740881.2020.1793193,E
10.1081/pte-200048310,E
10.1088/0957-0233/22/12/125703,E
10.1088/0957-0233/24/12/125603,E
10.1088/0960-1317/11/1/305,E
10.1088/0960-1317/19/3/035028,E
10.1088/0965-0393/24/3/035011,E
10.1088/1361-6439/acdc34,E
10.1088/1402-4896/ac6cae,E
10.1088/1742-6596/908/1/012014,E
10.1088/1757-899x/23/1/012033,E
10.1088/1757-899x/943/1/012021,E
10.1088/2631-8695/ad0929,E
10.1088/2632-959x/abe9c1,E
10.1108/aeat-11-2019-0230,E
10.1109/jlt.2019.2902244,E
10.1109/jmems.2006.889535,E
10.1111/j.1460-2695.2005.00873.x,E
10.1111/j.1747-1567.2011.00741.x,E
10.1116/1.4996447,E
10.1117/12.2026644,E
10.1117/12.2026746,E
10.1117/12.2026759,E
10.1117/12.2194490,E
10.1117/12.3052059,E
10.1117/12.463628,E
10.1117/12.821797,E
10.1117/12.922943,E
10.1126/sciadv.adi8505,E
10.1134/s0021894414040014,E
10.1134/s1029959924050072,E
10.1134/s1052618825701298,E
10.1134/s1070427218040225,E
10.1134/s1070427223050130,E
10.1140/epje/i2005-10069-7,E
10.1140/epjp/s13360-021-01819-9,E
10.1155/2020/7914796,E
10.1155/adv/4234330,E
10.1177/0021998311401063,E
10.1177/0021998317749712,E
10.1177/0021998318789732,E
10.1177/0021998318790049,E
10.1177/0731684407069969,E
10.1177/0731684413476354,E
10.1177/0731684417709952,E
10.1177/07316844241273843,E
10.1177/07316844251366622,E
10.1177/08927057241268831,E
10.1177/0954008314534279,E
10.1177/0954008315600228,E
10.1177/0954008318812151,E
10.1177/1045389x10364860,E
10.1177/1464420715588338,E
10.1177/14658011251377196,E
10.1179/1743289811y.0000000036,E
10.1179/1743289814y.0000000074,E
10.12913/22998624/145964,E
10.1515/hf-2013-0023,E
10.1515/polyeng-2012-0006,E
10.1515/polyeng.2011.061,E
10.17576/jkukm-2021-si4(2)-12,E
10.17576/jkukm-2025-37(2)-15,E
10.2320/matertrans.43.984,E
10.2494/photopolymer.17.715,E
10.31349/revmexfis.71.061004,E
10.3139/146.101484,E
10.3139/146.110651,E
10.3390/app15010189,E
10.3390/app9153109,E
10.3390/bioengineering12030315,E
10.3390/ijms16012239,E
10.3390/lubricants10010013,E
10.3390/ma10101222,E
10.3390/ma11112137,E
10.3390/ma11122578,E
10.3390/nano10040700,E
10.3390/nano10050841,E
10.3390/nano10112258,E
10.3390/polym11111866,E
10.3390/polym12081688,E
10.3390/polym13152451,E
10.3390/polym14030401,E
10.3390/polym14193969,E
10.3390/polym14235064,E
10.3390/polym14245425,E
10.3390/polym16141955,E
10.3390/polym17131777,E
10.3390/polym17223018,E
10.3390/su142315992,E
10.37358/mp.21.4.5525,E
10.7567/jjap.52.110111,E
10.1002/1099-0488(20010301)39:5<471::aid-polb1020>3.0.co;2-6,UTS
10.1002/adem.201100162,UTS
10.1002/adem.202500426,UTS
10.1002/adfm.200500855,UTS
10.1002/adma.202416744,UTS
10.1002/app.12887,UTS
10.1002/app.13539,UTS
10.1002/app.24315,UTS
10.1002/app.25104,UTS
10.1002/app.26426,UTS
10.1002/app.26845,UTS
10.1002/app.34633,UTS
10.1002/app.37836,UTS
10.1002/app.38410,UTS
10.1002/app.40573,UTS
10.1002/app.45332,UTS
10.1002/app.47812,UTS
10.1002/app.47828,UTS
10.1002/app.50955,UTS
10.1002/app.52183,UTS
10.1002/app.52839,UTS
10.1002/cite.201100216,UTS
10.1002/cjce.24562,UTS
10.1002/fam.2375,UTS
10.1002/jbm.820210208,UTS
10.1002/macp.202200383,UTS
10.1002/macp.202200451,UTS
10.1002/macp.202400365,UTS
10.1002/mame.202500011,UTS
10.1002/mats.202200053,UTS
10.1002/mawe.202000030,UTS
10.1002/pc.20014,UTS
10.1002/pc.20339,UTS
10.1002/pc.20854,UTS
10.1002/pc.24751,UTS
10.1002/pc.24777,UTS
10.1002/pc.26381,UTS
10.1002/pc.27790,UTS
10.1002/pen.10891,UTS
10.1002/pen.11804,UTS
10.1002/pi.6696,UTS
10.1002/pol.20240205,UTS
10.1002/pola.21373,UTS
10.1002/polb.10020,UTS
10.1002/polb.20232,UTS
10.1002/polb.23232,UTS
10.1002/pssa.202400664,UTS
10.1002/smll.201203214,UTS
10.1002/smll.201500486,UTS
10.1002/tqem.21948,UTS
10.1007/bf01105061,UTS
10.1007/s00170-020-05570-w,UTS
10.1007/s00170-023-11270-y,UTS
10.1007/s00289-018-2402-2,UTS
10.1007/s00339-021-05187-0,UTS
10.1007/s00784-011-0551-x,UTS
10.1007/s10118-024-3073-0,UTS
10.1007/s10118-024-3077-9,UTS
10.1007/s10570-021-03937-0,UTS
10.1007/s10853-010-4425-4,UTS
10.1007/s10853-013-7584-2,UTS
10.1007/s10853-017-1724-z,UTS
10.1007/s10965-022-03138-8,UTS
10.1007/s11029-019-09838-5,UTS
10.1007/s11043-023-09596-x,UTS
10.1007/s11223-022-00423-1,UTS
10.1007/s11249-007-9253-6,UTS
10.1007/s11665-020-04746-5,UTS
10.1007/s12008-022-01082-x,UTS
10.1007/s12206-021-0708-8,UTS
10.1007/s12206-023-2306-4,UTS
10.1007/s12206-024-0517-y,UTS
10.1007/s12221-014-2040-8,UTS
10.1007/s13399-023-04240-7,UTS
10.1007/s40430-023-04612-0,UTS
10.1007/s40964-021-00255-6,UTS
10.1007/s40964-023-00420-z,UTS
10.1007/s40964-024-00736-4,UTS
10.1007/s40964-024-00880-x,UTS
10.1007/s42114-022-00605-0,UTS
10.1016/j.addma.2019.05.025,UTS
10.1016/j.addma.2021.102576,UTS
10.1016/j.apsusc.2020.147654,UTS
10.1016/j.apsusc.2025.163477,UTS
10.1016/j.biomaterials.2006.10.031,UTS
10.1016/j.biortech.2013.09.097,UTS
10.1016/j.carbon.2015.03.045,UTS
10.1016/j.carbon.2016.11.023,UTS
10.1016/j.clay.2014.08.024,UTS
10.1016/j.coco.2023.101658,UTS
10.1016/j.compositesa.2018.07.005,UTS
10.1016/j.compositesb.2018.03.048,UTS
10.1016/j.compositesb.2019.01.025,UTS
10.1016/j.compositesb.2020.107911,UTS
10.1016/j.compositesb.2024.111415,UTS
10.1016/j.compscitech.2007.07.021,UTS
10.1016/j.compscitech.2017.05.024,UTS
10.1016/j.compscitech.2019.01.017,UTS
10.1016/j.compscitech.2019.107819,UTS
10.1016/j.compstruct.2004.08.016,UTS
10.1016/j.compstruct.2017.04.065,UTS
10.1016/j.compstruct.2023.117196,UTS
10.1016/j.compstruct.2024.118398,UTS
10.1016/j.compstruct.2025.119987,UTS
10.1016/j.dental.2009.12.007,UTS
10.1016/j.engstruct.2017.09.057,UTS
10.1016/j.est.2019.100968,UTS
10.1016/j.eurpolymj.2025.114014,UTS
10.1016/j.ijbiomac.2015.11.074,UTS
10.1016/j.ijbiomac.2023.127068,UTS
10.1016/j.jece.2024.114109,UTS
10.1016/j.jmapro.2013.08.007,UTS
10.1016/j.jmapro.2021.01.036,UTS
10.1016/j.jmbbm.2016.02.026,UTS
10.1016/j.jmbbm.2021.104891,UTS
10.1016/j.jmbbm.2024.106643,UTS
10.1016/j.jobe.2020.101937,UTS
10.1016/j.jpowsour.2024.235746,UTS
10.1016/j.matchemphys.2018.07.025,UTS
10.1016/j.matdes.2013.07.012,UTS
10.1016/j.matdes.2020.108937,UTS
10.1016/j.matlet.2015.12.116,UTS
10.1016/j.matlet.2018.06.063,UTS
10.1016/j.matlet.2023.135133,UTS
10.1016/j.matpr.2017.11.328,UTS
10.1016/j.matpr.2017.11.375,UTS
10.1016/j.matpr.2018.06.611,UTS
10.1016/j.matpr.2019.05.143,UTS
10.1016/j.matpr.2021.10.157,UTS
10.1016/j.molliq.2015.05.049,UTS
10.1016/j.msea.2011.10.079,UTS
10.1016/j.msec.2003.11.002,UTS
10.1016/j.mtcomm.2024.110061,UTS
10.1016/j.polymer.2005.01.012,UTS
10.1016/j.polymer.2012.12.048,UTS
10.1016/j.polymer.2013.01.053,UTS
10.1016/j.polymer.2019.121760,UTS
10.1016/j.polymertesting.2013.07.014,UTS
10.1016/j.polymertesting.2019.106295,UTS
10.1016/j.polymertesting.2023.108002,UTS
10.1016/j.ssi.2018.09.013,UTS
10.1016/j.synthmet.2007.12.008,UTS
10.1016/j.synthmet.2009.06.006,UTS
10.1016/j.tafmec.2015.05.005,UTS
10.1016/j.tca.2025.180061,UTS
10.1016/j.wasman.2024.05.028,UTS
10.1016/s0032-3861(00)00759-x,UTS
10.1016/s0032-3861(02)00242-2,UTS
10.1016/s0032-3861(03)00276-3,UTS
10.1016/s0032-3861(97)00527-2,UTS
10.1016/s0032-3861(98)00620-x,UTS
10.1021/acs.chemmater.0c02169,UTS
10.1021/acs.chemmater.4c02041,UTS
10.1021/acs.macromol.9b01700,UTS
10.1021/acsami.1c17501,UTS
10.1021/acsapm.3c02637,UTS
10.1021/acsnano.8b04734,UTS
10.1021/am1002926,UTS
10.1021/bm900651g,UTS
10.1021/ma301183k,UTS
10.1021/ma401077d,UTS
10.1038/s41467-025-57233-7,UTS
10.1038/s41598-024-80376-4,UTS
10.1038/s42003-020-1064-4,UTS
10.1039/c4ta00166d,UTS
10.1039/c9nr08091k,UTS
10.1039/d0py01004a,UTS
10.1039/d0qm00649a,UTS
10.1039/d1py00925g,UTS
10.1039/d2py00708h,UTS
10.1039/d4lp00283k,UTS
10.1039/d4ma00289j,UTS
10.1039/d4py00269e,UTS
10.1039/d5nr01185j,UTS
10.1051/matecconf/20167602021,UTS
10.1063/1.3604786,UTS
10.1063/1.3643636,UTS
10.1063/1.4942269,UTS
10.1063/1.5044286,UTS
10.1063/1.5116992,UTS
10.1063/12.0001015,UTS
10.1080/00222340701386569,UTS
10.1080/00914037.2018.1482461,UTS
10.1080/01694243.2023.2228496,UTS
10.1080/02670836.2019.1580860,UTS
10.1080/10426914.2012.677901,UTS
10.1080/13640461.2022.2036415,UTS
10.1080/15376494.2020.1722870,UTS
10.1080/15732479.2019.1703762,UTS
10.1080/17452759.2023.2171892,UTS
10.1080/17452759.2023.2273309,UTS
10.1088/1755-1315/463/1/012091,UTS
10.1088/1757-899x/1003/1/012087,UTS
10.1088/1757-899x/250/1/012014,UTS
10.1088/1757-899x/755/1/012118,UTS
10.1088/1758-5090/ac0964,UTS
10.1088/2053-1591/ab4332,UTS
10.1088/2631-8695/ad5493,UTS
10.1088/2632-959x/abe9c1,UTS
10.1088/2632-959x/ad100b,UTS
10.1108/rpj-02-2020-0033,UTS
10.1108/rpj-03-2017-0043,UTS
10.1108/rpj-11-2017-0222,UTS
10.1109/tasc.2020.2977932,UTS
10.1111/ffe.13778,UTS
10.1115/1.3026556,UTS
10.1115/1.4028538,UTS
10.1115/1.4056170,UTS
10.1134/s0018143924700310,UTS
10.1149/07501.0113ecst,UTS
10.1155/2013/351810,UTS
10.1155/2013/565401,UTS
10.1155/2015/838032,UTS
10.1155/2021/6641029,UTS
10.1155/2021/6674890,UTS
10.1155/adv/6464049,UTS
10.1163/156856293x00186,UTS
10.1177/0021998305053506,UTS
10.1177/0021998311414073,UTS
10.1177/0021998317713355,UTS
10.1177/0021998318781702,UTS
10.1177/002199839603000306,UTS
10.1177/0095244318768636,UTS
10.1177/00952443221104105,UTS
10.1177/0731684415606857,UTS
10.1177/07316844231167551,UTS
10.1177/073168449901801703,UTS
10.1177/0892705718799832,UTS
10.1177/09540083030154008,UTS
10.1177/14644207241260662,UTS
10.1590/1678-7757-2018-0183,UTS
10.1617/s11527-013-0122-5,UTS
10.3144/expresspolymlett.2022.72,UTS
10.3390/app15073810,UTS
10.3390/buildings14051205,UTS
10.3390/jcs8040121,UTS
10.3390/jcs8070247,UTS
10.3390/ma11071191,UTS
10.3390/ma13020352,UTS
10.3390/ma13163442,UTS
10.3390/ma14081903,UTS
10.3390/ma15031161,UTS
10.3390/ma17133161,UTS
10.3390/nano9020225,UTS
10.3390/polym13142239,UTS
10.3390/polym14183807,UTS
10.3390/polym15030561,UTS
10.3390/polym15071796,UTS
10.3390/polym15102305,UTS
10.3390/polym16050576,UTS
10.3390/polym16050579,UTS
10.3390/polym16192812,UTS
10.3390/polym18010111,UTS
10.3390/polym8040124,UTS
10.3390/recycling9040056,UTS
10.3390/su151713078,UTS
10.1002/adfm.200305021,eps
10.1002/adfm.200500045,eps
10.1002/adfm.201000486,eps
10.1002/adma.200401161,eps
10.1002/adma.200601996,eps
10.1002/adma.201300385,eps
10.1002/adma.202102392,eps
10.1002/adma.202306260,eps
10.1002/adma.202404001,eps
10.1002/adma.202411082,eps
10.1002/adv.21407,eps
10.1002/adv.21797,eps
10.1002/app.10082,eps
10.1002/app.12068,eps
10.1002/app.1338,eps
10.1002/app.13446,eps
10.1002/app.13690,eps
10.1002/app.1824,eps
10.1002/app.1965.070090329,eps
10.1002/app.1966.070100709,eps
10.1002/app.1976.070201006,eps
10.1002/app.20192,eps
10.1002/app.21405,eps
10.1002/app.21994,eps
10.1002/app.23806,eps
10.1002/app.24800,eps
10.1002/app.24957,eps
10.1002/app.28515,eps
10.1002/app.29741,eps
10.1002/app.30154,eps
10.1002/app.30242,eps
10.1002/app.31749,eps
10.1002/app.32667,eps
10.1002/app.33716,eps
10.1002/app.35362,eps
10.1002/app.36248,eps
10.1002/app.37526,eps
10.1002/app.37911,eps
10.1002/app.38455,eps
10.1002/app.39047,eps
10.1002/app.39321,eps
10.1002/app.40030,eps
10.1002/app.40828,eps
10.1002/app.42292,eps
10.1002/app.44427,eps
10.1002/app.44494,eps
10.1002/app.45982,eps
10.1002/app.46647,eps
10.1002/app.47143,eps
10.1002/app.47313,eps
10.1002/app.47405,eps
10.1002/app.47458,eps
10.1002/app.47465,eps
10.1002/app.47850,eps
10.1002/app.48469,eps
10.1002/app.49074,eps
10.1002/app.49778,eps
10.1002/app.49792,eps
10.1002/app.49887,eps
10.1002/app.51376,eps
10.1002/app.51949,eps
10.1002/app.51972,eps
10.1002/app.52132,eps
10.1002/app.52168,eps
10.1002/app.52176,eps
10.1002/app.52614,eps
10.1002/app.52716,eps
10.1002/app.52787,eps
10.1002/app.53641,eps
10.1002/app.53713,eps
10.1002/app.54012,eps
10.1002/app.54686,eps
10.1002/app.55050,eps
10.1002/app.55142,eps
10.1002/app.55217,eps
10.1002/app.55893,eps
10.1002/app.56025,eps
10.1002/app.56351,eps
10.1002/app.57107,eps
10.1002/app.70135,eps
10.1002/bip.1966.360040606,eps
10.1002/bip.360251106,eps
10.1002/cnma.202400181,eps
10.1002/inf2.12043,eps
10.1002/macp.201700010,eps
10.1002/macp.201800133,eps
10.1002/macp.202500345,eps
10.1002/marc.202200956,eps
10.1002/marc.202200971,eps
10.1002/marc.202300601,eps
10.1002/marc.202400200,eps
10.1002/masy.200651006,eps
10.1002/pc.20886,eps
10.1002/pc.23162,eps
10.1002/pc.23184,eps
10.1002/pc.23986,eps
10.1002/pc.24068,eps
10.1002/pc.24579,eps
10.1002/pc.24793,eps
10.1002/pc.25299,eps
10.1002/pc.25449,eps
10.1002/pc.26489,eps
10.1002/pc.27036,eps
10.1002/pc.27149,eps
10.1002/pc.27887,eps
10.1002/pc.28002,eps
10.1002/pc.29039,eps
10.1002/pc.70436,eps
10.1002/pen.10496,eps
10.1002/pen.25015,eps
10.1002/pen.26181,eps
10.1002/pen.26337,eps
10.1002/pen.26867,eps
10.1002/pen.70494,eps
10.1002/pen.760020114,eps
10.1002/pi.1757,eps
10.1002/pi.1874,eps
10.1002/pi.2768,eps
10.1002/pi.2815,eps
10.1002/pi.5937,eps
10.1002/pi.5995,eps
10.1002/pi.6217,eps
10.1002/pi.6588,eps
10.1002/pol.1955.120188909,eps
10.1002/pol.1958.1202811813,eps
10.1002/pol.1958.1203112247,eps
10.1002/pol.1972.150100206,eps
10.1002/pol.1981.180190503,eps
10.1002/pol.1983.180210402,eps
10.1002/pol.20200762,eps
10.1002/pol.20230226,eps
10.1002/pol.20250295,eps
10.1002/pola.21650,eps
10.1002/pola.24437,eps
10.1002/pola.26344,eps
10.1002/pola.27242,eps
10.1002/pola.28208,eps
10.1002/pola.28209,eps
10.1002/polb.21165,eps
10.1002/polb.24629,eps
10.1002/polb.24858,eps
10.1002/pssa.201330234,eps
10.1016/j.aiepr.2020.10.003,eps
10.1016/j.aiepr.2020.10.006,eps
10.1016/j.apcatb.2023.122417,eps
10.1016/j.cap.2020.11.006,eps
10.1016/j.carbon.2008.12.037,eps
10.1016/j.carbon.2012.06.027,eps
10.1016/j.carbon.2014.06.006,eps
10.1016/j.ceramint.2021.12.253,eps
10.1016/j.ceramint.2022.01.114,eps
10.1016/j.ceramint.2022.03.173,eps
10.1016/j.coco.2021.100874,eps
10.1016/j.colsurfa.2021.127763,eps
10.1016/j.colsurfa.2022.128501,eps
10.1016/j.compositesa.2017.11.025,eps
10.1016/j.compositesa.2019.105521,eps
10.1016/j.compscitech.2008.04.019,eps
10.1016/j.compscitech.2014.12.009,eps
10.1016/j.compscitech.2018.01.025,eps
10.1016/j.compscitech.2020.108035,eps
10.1016/j.compscitech.2022.109310,eps
10.1016/j.eurpolymj.2017.03.037,eps
10.1016/j.eurpolymj.2017.07.008,eps
10.1016/j.eurpolymj.2018.02.024,eps
10.1016/j.eurpolymj.2019.02.013,eps
10.1016/j.eurpolymj.2020.109742,eps
10.1016/j.eurpolymj.2020.110206,eps
10.1016/j.eurpolymj.2022.111655,eps
10.1016/j.eurpolymj.2023.112006,eps
10.1016/j.eurpolymj.2023.112378,eps
10.1016/j.eurpolymj.2023.112639,eps
10.1016/j.eurpolymj.2024.113099,eps
10.1016/j.eurpolymj.2024.113156,eps
10.1016/j.eurpolymj.2024.113580,eps
10.1016/j.eurpolymj.2025.114289,eps
10.1016/j.eurpolymj.2026.114662,eps
10.1016/j.ijleo.2012.11.038,eps
10.1016/j.inoche.2009.08.002,eps
10.1016/j.materresbull.2022.111755,eps
10.1016/j.matlet.2011.12.080,eps
10.1016/j.matlet.2014.07.017,eps
10.1016/j.matpr.2020.07.533,eps
10.1016/j.mechmat.2020.103352,eps
10.1016/j.memsci.2022.120452,eps
10.1016/j.nanoen.2016.12.021,eps
10.1016/j.nanoen.2018.10.028,eps
10.1016/j.nanoen.2024.109898,eps
10.1016/j.optmat.2022.112347,eps
10.1016/j.polymdegradstab.2019.01.036,eps
10.1016/j.polymdegradstab.2025.111379,eps
10.1016/j.polymer.2003.10.026,eps
10.1016/j.polymer.2004.05.071,eps
10.1016/j.polymer.2004.09.064,eps
10.1016/j.polymer.2006.02.084,eps
10.1016/j.polymer.2007.01.057,eps
10.1016/j.polymer.2007.08.041,eps
10.1016/j.polymer.2008.09.056,eps
10.1016/j.polymer.2009.10.022,eps
10.1016/j.polymer.2011.01.050,eps
10.1016/j.polymer.2014.09.056,eps
10.1016/j.polymer.2015.04.028,eps
10.1016/j.polymer.2017.03.067,eps
10.1016/j.polymer.2018.05.002,eps
10.1016/j.polymer.2018.10.035,eps
10.1016/j.polymer.2019.121688,eps
10.1016/j.polymer.2020.122913,eps
10.1016/j.polymer.2020.123349,eps
10.1016/j.polymer.2021.123948,eps
10.1016/j.polymer.2021.124345,eps
10.1016/j.polymer.2021.124470,eps
10.1016/j.polymer.2022.124572,eps
10.1016/j.polymer.2022.124865,eps
10.1016/j.polymer.2022.125184,eps
10.1016/j.polymer.2022.125234,eps
10.1016/j.polymer.2022.125361,eps
10.1016/j.polymer.2023.125832,eps
10.1016/j.polymer.2023.126229,eps
10.1016/j.polymer.2024.126995,eps
10.1016/j.polymer.2024.127694,eps
10.1016/j.polymer.2024.127727,eps
10.1016/j.polymer.2024.127751,eps
10.1016/j.polymer.2024.127830,eps
10.1016/j.polymer.2024.127843,eps
10.1016/j.polymer.2024.128000,eps
10.1016/j.polymer.2025.128116,eps
10.1016/j.polymer.2025.128393,eps
10.1016/j.polymer.2025.129276,eps
10.1016/j.polymer.2025.129425,eps
10.1016/j.polymer.2025.129430,eps
10.1016/j.polymer.2026.129558,eps
10.1016/j.polymertesting.2018.01.026,eps
10.1016/j.scriptamat.2006.07.001,eps
10.1016/j.surfin.2020.100807,eps
10.1016/j.surfin.2022.102586,eps
10.1016/s0014-3057(97)00207-3,eps
10.1016/s0032-3861(98)00329-2,eps
10.1016/s0079-6700(00)00043-5,eps
10.1016/s0167-9317(97)00185-8,eps
10.1016/s1359-835x(03)00202-1,eps
10.1111/j.1151-2916.1990.tb09831.x,eps
10.1002/adem.200300542,n
10.1002/adfm.202312774,n
10.1002/adma.200400632,n
10.1002/adom.202302201,n
10.1002/adom.202401676,n
10.1002/adom.202402863,n
10.1002/adv.20211,n
10.1002/app.12371,n
10.1002/app.12459,n
10.1002/app.1470,n
10.1002/app.1963.070070230,n
10.1002/app.1965.070091220,n
10.1002/app.1968.070120424,n
10.1002/app.1972.070160214,n
10.1002/app.1973.070170317,n
10.1002/app.1979.070240806,n
10.1002/app.1987.070340202,n
10.1002/app.1993.070470205,n
10.1002/app.1993.070500919,n
10.1002/app.21454,n
10.1002/app.22724,n
10.1002/app.2355,n
10.1002/app.23947,n
10.1002/app.24380,n
10.1002/app.25404,n
10.1002/app.26082,n
10.1002/app.26451,n
10.1002/app.30602,n
10.1002/app.32009,n
10.1002/app.32539,n
10.1002/app.34375,n
10.1002/app.35077,n
10.1002/app.36363,n
10.1002/app.37802,n
10.1002/app.37897,n
10.1002/app.39652,n
10.1002/app.39824,n
10.1002/app.40194,n
10.1002/app.42386,n
10.1002/app.44156,n
10.1002/app.46648,n
10.1002/app.49544,n
10.1002/app.49877,n
10.1002/app.50278,n
10.1002/app.50467,n
10.1002/app.52925,n
10.1002/app.53375,n
10.1002/app.58200,n
10.1002/lpor.201200074,n
10.1002/macp.200290003,n
10.1002/mame.200290032,n
10.1002/mame.200700326,n
10.1002/mame.201500009,n
10.1002/marc.202200022,n
10.1002/marc.202300411,n
10.1002/masy.19971180160,n
10.1002/pat.1991.220020204,n
10.1002/pat.3598,n
10.1002/pen.10235,n
10.1002/pen.11331,n
10.1002/pen.25306,n
10.1002/pen.27097,n
10.1002/pi.3057,n
10.1002/pi.4315,n
10.1002/pi.4815,n
10.1002/pi.4821,n
10.1002/pol.1951.120070203,n
10.1002/pol.1954.120120113,n
10.1002/pol.1964.100020933,n
10.1002/pol.1964.110021211,n
10.1002/pol.1965.100030728,n
10.1002/pol.1971.160091003,n
10.1002/pol.1975.180130415,n
10.1002/pol.1981.180191211,n
10.1002/pol.20210192,n
10.1002/pol.20240386,n
10.1002/pol.20240902,n
10.1002/pol.20250018,n
10.1002/pola.1270,n
10.1002/pola.1323,n
10.1002/pola.21682,n
10.1002/pola.22063,n
10.1002/pola.22191,n
10.1002/pola.24040,n
10.1002/pola.24081,n
10.1002/pola.24150,n
10.1002/pola.24379,n
10.1002/pola.24483,n
10.1002/pola.24717,n
10.1002/pola.26757,n
10.1002/pola.27547,n
10.1002/pola.28945,n
10.1002/pola.29181,n
10.1002/pola.29377,n
10.1002/polb.1987.090250415,n
10.1002/polb.1993.090311307,n
10.1002/polb.1994.090320123,n
10.1002/polb.20114,n
10.1002/polb.22373,n
10.1002/polb.23363,n
10.1002/polb.23932,n
10.1002/polc.5070080125,n
10.1002/polc.5070420318,n
10.1002/qsar.200510203,n
10.1002/recl.19320510605,n
10.1002/slct.202201543,n
10.1002/smll.202507588,n
10.1002/tee.70066,n
10.1016/j.apsusc.2004.03.264,n
10.1016/j.apsusc.2016.08.131,n
10.1016/j.colsurfa.2010.12.046,n
10.1016/j.eurpolymj.2008.12.031,n
10.1016/j.eurpolymj.2013.11.014,n
10.1016/j.eurpolymj.2016.12.003,n
10.1016/j.eurpolymj.2019.109358,n
10.1016/j.eurpolymj.2020.109776,n
10.1016/j.eurpolymj.2025.114416,n
10.1016/j.foodhyd.2012.01.007,n
10.1016/j.ijleo.2017.03.058,n
10.1016/j.jlumin.2019.01.001,n
10.1016/j.jphotochem.2017.01.004,n
10.1016/j.matlet.2006.01.039,n
10.1016/j.matlet.2007.11.065,n
10.1016/j.matlet.2015.07.108,n
10.1016/j.matlet.2016.12.136,n
10.1016/j.optcom.2004.02.063,n
10.1016/j.optlaseng.2017.11.012,n
10.1016/j.optlaseng.2024.108200,n
10.1016/j.optmat.2010.01.018,n
10.1016/j.optmat.2012.03.034,n
10.1016/j.optmat.2017.10.029,n
10.1016/j.optmat.2022.112639,n
10.1016/j.orgel.2014.10.013,n
10.1016/j.polymdegradstab.2008.11.011,n
10.1016/j.polymdegradstab.2016.03.028,n
10.1016/j.polymer.2006.02.030,n
10.1016/j.polymer.2006.09.065,n
10.1016/j.polymer.2007.01.041,n
10.1016/j.polymer.2008.03.010,n
10.1016/j.polymer.2010.09.017,n
10.1016/j.polymer.2011.05.046,n
10.1016/j.polymer.2011.08.047,n
10.1016/j.polymer.2014.07.030,n
10.1016/j.polymer.2017.05.004,n
10.1016/j.polymer.2019.121715,n
10.1016/j.polymer.2019.121746,n
10.1016/j.polymer.2021.123847,n
10.1016/j.polymer.2025.128820,n
10.1016/j.polymertesting.2004.01.006,n
10.1016/j.polymertesting.2017.12.009,n
10.1016/j.reactfunctpolym.2016.12.007,n
10.1016/j.rinp.2024.107746,n
10.1016/j.snb.2017.01.006,n
10.1016/j.yofte.2021.102812,n
10.1016/s0030-4018(02)02172-7,n
10.1016/s0032-3861(00)00285-8,n
10.1016/s0032-3861(02)00732-2,n
10.1097/opx.0b013e3181c3837a,n
10.1111/j.1365-2818.1932.tb01877.x,n
10.1111/j.1365-2818.1943.tb00914.x,n
10.1515/nanoph-2025-0415,n
